<?xml version="1.0" encoding="UTF-8"?>
<!--
    Document   : albaranesprov.xml
    Author     : Carlos Garcia Gomez
    Description:
        Structure for the albaranesprov table.
-->
<table>
    <column>
        <name>cifnif</name>
        <type>character varying(30)</type>
        <null>NO</null>
    </column>
    <column>
        <name>codalmacen</name>
        <type>character varying(4)</type>
    </column>
    <column>
        <name>coddivisa</name>
        <type>character varying(3)</type>
        <null>NO</null>
    </column>
    <column>
        <name>codejercicio</name>
        <type>character varying(4)</type>
        <null>NO</null>
    </column>
    <column>
        <name>codigo</name>
        <type>character varying(20)</type>
        <null>NO</null>
    </column>
    <column>
        <name>codpago</name>
        <type>character varying(10)</type>
        <null>NO</null>
    </column>
    <column>
        <name>codproveedor</name>
        <type>character varying(10)</type>
    </column>
    <column>
        <name>codserie</name>
        <type>character varying(4)</type>
        <null>NO</null>
    </column>
    <column>
        <name>editable</name>
        <type>boolean</type>
    </column>
    <column>
        <name>fecha</name>
        <type>date</type>
        <null>NO</null>
    </column>
    <column>
        <name>femail</name>
        <type>date</type>
    </column>
    <column>
        <name>hora</name>
        <type>time</type>
    </column>
    <column>
        <name>idalbaran</name>
        <type>serial</type>
        <null>NO</null>
    </column>
    <column>
        <name>idempresa</name>
        <type>integer</type>
    </column>
    <column>
        <name>idestado</name>
        <type>integer</type>
    </column>
    <column>
        <name>irpf</name>
        <type>double precision</type>
    </column>
    <column>
        <name>neto</name>
        <type>double precision</type>
    </column>
    <column>
        <name>nick</name>
        <type>character varying(50)</type>
    </column>
    <column>
        <name>nombre</name>
        <type>character varying(100)</type>
        <null>NO</null>
    </column>
    <column>
        <name>numero</name>
        <type>character varying(12)</type>
        <null>NO</null>
    </column>
    <column>
        <name>numproveedor</name>
        <type>character varying(50)</type>
    </column>
    <column>
        <name>observaciones</name>
        <type>text</type>
    </column>
    <column>
        <name>tasaconv</name>
        <type>double precision</type>
    </column>
    <column>
        <name>total</name>
        <type>double precision</type>
    </column>
    <column>
        <name>totaleuros</name>
        <type>double precision</type>
    </column>
    <column>
        <name>totalirpf</name>
        <type>double precision</type>
    </column>
    <column>
        <name>totaliva</name>
        <type>double precision</type>
    </column>
    <column>
        <name>totalrecargo</name>
        <type>double precision</type>
    </column>
    <column>
        <name>codobra</name>
        <type>integer</type>
    </column>
    <constraint>
        <name>albaranesprov_pkey</name>
        <type>PRIMARY KEY (idalbaran)</type>
    </constraint>
    <constraint>
        <name>ca_albaranesprov_almacenes</name>
        <type>FOREIGN KEY (codalmacen) REFERENCES almacenes (codalmacen) ON DELETE RESTRICT ON UPDATE CASCADE</type>
    </constraint>
    <constraint>
        <name>ca_albaranesprov_ejercicios</name>
        <type>FOREIGN KEY (codejercicio) REFERENCES ejercicios (codejercicio) ON DELETE RESTRICT ON UPDATE CASCADE</type>
    </constraint>
    <constraint>
        <name>ca_albaranesprov_empresas</name>
        <type>FOREIGN KEY (idempresa) REFERENCES empresas (idempresa) ON DELETE CASCADE ON UPDATE CASCADE</type>
    </constraint>
    <constraint>
        <name>ca_albaranesprov_proveedores</name>
        <type>FOREIGN KEY (codproveedor) REFERENCES proveedores (codproveedor) ON DELETE RESTRICT ON UPDATE CASCADE</type>
    </constraint>
    <constraint>
        <name>ca_albaranesprov_series</name>
        <type>FOREIGN KEY (codserie) REFERENCES series (codserie) ON DELETE RESTRICT ON UPDATE CASCADE</type>
    </constraint>
    <constraint>
        <name>ca_albaranesprov_users</name>
        <type>FOREIGN KEY (nick) REFERENCES users (nick) ON DELETE SET NULL ON UPDATE CASCADE</type>
    </constraint>
    <constraint>
        <name>uniq_codigo_albaranesprov</name>
        <type>UNIQUE (codigo,idempresa)</type>
    </constraint>
    <constraint>
        <name>ca_albaranesprov_obras</name>
        <type>FOREIGN KEY (codobra) REFERENCES obras (codobra) ON DELETE RESTRICT ON UPDATE CASCADE</type>
    </constraint>
</table>