<?xml version="1.0" encoding="UTF-8"?>
<!--
    Document   : obras.xml
    Author     : Alicia Afonso Gonzalez alicia@adintec.es
    Description:
        Structure for the obras table.
-->
<table>
    <column>
        <name>codobra</name>
        <type>serial</type>
        <null>NO</null>
    </column>
    <column>
        <name>descripcion</name>
        <type>character varying(20)</type>
        <null>NO</null>
    </column>
    <constraint>
        <name>obras_pkey</name>
        <type>PRIMARY KEY (codobra)</type>
    </constraint>
</table>