<?xml version="1.0" encoding="UTF-8"?>
<!--
 * This file is part of FacturaScripts
 * Copyright (C) 2017-2019 Carlos Garcia Gomez <carlos@facturascripts.com>
 *
 * This program is free software: you can redistribute it and/or modify
 * it under the terms of the GNU Lesser General Public License as
 * published by the Free Software Foundation, either version 3 of the
 * License, or (at your option) any later version.
 *
 * This program is distributed in the hope that it will be useful,
 * but WITHOUT ANY WARRANTY; without even the implied warranty of
 * MERCHANTABILITY or FITNESS FOR A PARTICULAR PURPOSE. See the
 * GNU Lesser General Public License for more details.
 *
 * You should have received a copy of the GNU Lesser General Public License
 * along with this program. If not, see <http://www.gnu.org/licenses/>.
 *
 * @author Carlos García Gómez       <carlos@facturascripts.com>
 * @author Artex Trading sa          <jcuello@artextrading.com>
 * @author Alicia Afonso González    <alicia@adintec.es>
-->
<view>
    <columns>
        <column name="id" display="none" order="100">
            <widget type="text" fieldname="idpresupuesto" />
        </column>
        <column name="code" order="110">
            <widget type="text" fieldname="codigo" />
        </column>
        <column name="numsupplier" order="120">
            <widget type="text" fieldname="numproveedor" />
        </column>
        <column name="supplier" order="130">
            <widget type="text" fieldname="nombre" />
        </column>
        <column name="work" order="125">
            <widget type="autocomplete" fieldname="codobra">
                <values source="obras" fieldcode="codobra" fieldtitle="descripcion"></values>
            </widget>
        </column>
        <column name="observations" order="140">
            <widget type="textarea" fieldname="observaciones" />
        </column>
        <column name="status" display="right" order="150">
            <widget type="autocomplete" fieldname="idestado">
                <values source="estados_documentos" fieldcode="idestado" fieldtitle="nombre"></values>
            </widget>
        </column>
        <column name="email-sent" display="center" order="160">
            <widget type="checkbox" fieldname="femail" />
        </column>
        <column name="amount" display="right" order="170">
            <widget type="money" fieldname="total">
                <option color="danger">lt:0</option>
            </widget>
        </column>
        <column name="date" display="right" order="180">
            <widget type="date" fieldname="fecha" />
        </column>
    </columns>
    <rows>
        <row type="status">
            <option color="success" fieldname="idestado">13</option>
            <option color="danger" fieldname="idestado">14</option>
            <option color="warning" fieldname="editable">0</option>
            <option color="info" fieldname="femail">notnull:</option>
        </row>
    </rows>
</view>
